learner_id,timestamp,module,quiz_score,engagement_rate,hint_count,session_duration,correct_attempts,incorrect_attempts,ability_latent
0,4,deep_learning,42.06,0.55,5,71.5,12,2,0.616
0,8,npm_basics,59.24,0.554,1,63.9,12,4,0.616
1,4,npm_basics,32.17,0.348,4,38.6,2,3,0.348
1,8,reinforcement_learning,34.48,0.182,4,53.7,10,8,0.348
2,4,data_structures,44.98,0.508,1,39.6,3,5,0.467
2,8,ml_fundamentals,61.93,0.327,3,47.3,5,2,0.467
3,4,data_structures,52.57,0.466,2,53.4,5,1,0.649
3,8,ml_fundamentals,61.4,0.636,7,42.5,13,5,0.649
4,4,reinforcement_learning,62.61,0.408,3,57.8,6,8,0.55
4,8,reinforcement_learning,35.49,0.546,1,47.0,10,9,0.55
5,4,reinforcement_learning,40.05,0.494,0,53.3,8,4,0.552
5,8,reinforcement_learning,42.74,0.168,3,73.2,5,4,0.552
6,4,npm_basics,81.68,0.693,2,70.6,20,1,0.927
6,8,reinforcement_learning,84.82,0.599,0,70.9,17,0,0.927
7,4,reinforcement_learning,71.92,0.79,0,59.1,17,1,0.875
7,8,reinforcement_learning,73.02,0.784,1,70.9,11,3,0.875
8,4,npm_basics,24.19,0.057,2,57.7,5,3,0.295
8,8,reinforcement_learning,20.64,0.144,8,26.1,5,3,0.295
9,4,npm_basics,43.56,0.49,3,67.8,6,4,0.585
9,8,reinforcement_learning,55.06,0.332,3,60.0,9,5,0.585
10,4,reinforcement_learning,47.98,0.568,4,75.3,10,0,0.707
10,8,reinforcement_learning,79.29,0.51,0,63.2,15,4,0.707
11,4,deep_learning,38.31,0.524,4,52.9,12,1,0.526
11,8,npm_basics,63.72,0.361,1,56.9,9,1,0.526
12,4,reinforcement_learning,27.24,0.224,5,40.6,1,4,0.217
12,8,reinforcement_learning,10.0,0.095,5,43.5,4,5,0.217
13,4,reinforcement_learning,34.87,0.271,1,43.3,4,7,0.331
13,8,reinforcement_learning,15.4,0.337,3,45.5,4,5,0.331
14,4,deep_learning,25.43,0.321,1,38.0,6,4,0.305
14,8,npm_basics,32.57,0.149,6,49.5,3,6,0.305
15,4,data_structures,44.76,0.559,2,65.1,7,2,0.681
15,8,ml_fundamentals,34.83,0.417,2,76.4,14,3,0.681
16,4,data_structures,52.81,0.329,6,56.4,14,3,0.521
16,8,ml_fundamentals,44.99,0.412,3,54.3,5,9,0.521
17,4,reinforcement_learning,60.96,0.638,1,76.4,7,0,0.804
17,8,reinforcement_learning,76.01,0.518,2,38.7,14,2,0.804
18,4,deep_learning,31.6,0.089,6,49.3,0,5,0.192
18,8,npm_basics,14.8,0.168,9,35.7,1,7,0.192
19,4,reinforcement_learning,88.66,0.611,1,61.5,13,0,0.928
19,8,reinforcement_learning,89.01,0.833,0,70.4,14,0,0.928
20,4,reinforcement_learning,27.6,0.462,1,61.7,5,4,0.486
20,8,reinforcement_learning,59.75,0.483,2,54.2,2,4,0.486
21,4,reinforcement_learning,36.93,0.286,3,55.9,7,10,0.194
21,8,reinforcement_learning,30.56,0.175,5,39.6,4,10,0.194
22,4,npm_basics,57.61,0.251,1,82.2,11,8,0.525
22,8,reinforcement_learning,61.17,0.447,5,64.8,7,1,0.525
23,4,reinforcement_learning,51.83,0.515,1,57.3,8,4,0.552
23,8,reinforcement_learning,58.79,0.375,2,45.9,5,5,0.552
24,4,ml_fundamentals,53.81,0.697,2,48.0,14,2,0.725
24,8,deep_learning,46.64,0.669,2,53.4,19,3,0.725
25,4,data_structures,32.21,0.182,1,61.7,8,8,0.451
25,8,ml_fundamentals,28.68,0.277,1,57.1,5,2,0.451
26,4,ml_fundamentals,41.74,0.59,1,55.2,12,3,0.72
26,8,deep_learning,54.65,0.555,2,66.5,16,2,0.72
27,4,reinforcement_learning,74.3,0.682,0,60.9,15,2,0.875
27,8,reinforcement_learning,91.03,0.759,0,60.8,8,0,0.875
28,4,ml_fundamentals,15.04,0.247,5,53.4,1,5,0.22
28,8,deep_learning,31.3,0.085,2,42.9,4,8,0.22
29,4,reinforcement_learning,66.52,0.497,3,70.0,16,3,0.638
29,8,reinforcement_learning,54.54,0.569,1,59.8,7,0,0.638
30,4,deep_learning,63.13,0.657,3,64.1,9,1,0.798
30,8,npm_basics,66.79,0.684,3,62.6,9,3,0.798
31,4,npm_basics,50.64,0.303,3,70.5,7,7,0.436
31,8,reinforcement_learning,19.5,0.367,5,56.4,6,5,0.436
32,4,npm_basics,61.72,0.608,1,38.8,13,1,0.701
32,8,reinforcement_learning,64.8,0.656,4,62.3,4,2,0.701
33,4,ml_fundamentals,10.0,0.05,5,39.2,1,10,0.065
33,8,deep_learning,10.0,0.181,4,31.2,2,8,0.065
34,4,data_structures,82.32,0.701,1,48.6,10,0,0.822
34,8,ml_fundamentals,58.41,0.627,0,58.1,12,2,0.822
35,4,npm_basics,60.0,0.404,3,56.7,11,2,0.549
35,8,reinforcement_learning,26.97,0.579,3,63.0,10,3,0.549
36,4,reinforcement_learning,10.0,0.42,2,36.0,6,5,0.229
36,8,reinforcement_learning,14.33,0.05,6,60.5,2,6,0.229
37,4,ml_fundamentals,29.94,0.266,3,66.0,1,6,0.365
37,8,deep_learning,43.47,0.158,6,64.0,4,2,0.365
38,4,npm_basics,29.53,0.379,5,60.8,6,5,0.492
38,8,reinforcement_learning,30.56,0.43,3,42.4,7,7,0.492
39,4,npm_basics,10.0,0.086,2,50.0,0,10,0.083
39,8,reinforcement_learning,21.23,0.05,5,47.1,2,5,0.083
40,4,deep_learning,29.72,0.2,4,38.3,3,5,0.308
40,8,npm_basics,40.08,0.295,4,53.8,5,7,0.308
41,4,data_structures,22.46,0.05,4,37.3,1,8,0.072
41,8,ml_fundamentals,13.14,0.205,3,24.7,1,9,0.072
42,4,ml_fundamentals,35.25,0.453,2,76.2,5,10,0.444
42,8,deep_learning,43.36,0.382,2,57.2,10,1,0.444
43,4,reinforcement_learning,46.83,0.512,3,62.3,5,1,0.595
43,8,reinforcement_learning,54.69,0.321,1,66.1,11,0,0.595
44,4,npm_basics,10.0,0.097,6,55.2,2,7,0.186
44,8,reinforcement_learning,10.0,0.058,9,47.0,5,6,0.186
45,4,reinforcement_learning,32.6,0.334,1,46.4,2,5,0.313
45,8,reinforcement_learning,30.49,0.451,4,73.1,6,5,0.313
46,4,deep_learning,10.0,0.55,1,70.4,7,4,0.534
46,8,npm_basics,54.63,0.453,4,54.0,8,2,0.534
47,4,ml_fundamentals,19.82,0.345,0,46.5,1,5,0.361
47,8,deep_learning,38.42,0.266,3,54.3,5,6,0.361
48,4,reinforcement_learning,30.69,0.073,4,33.0,1,9,0.141
48,8,reinforcement_learning,10.0,0.302,4,43.8,2,10,0.141
49,4,reinforcement_learning,52.22,0.228,2,46.6,13,5,0.409
49,8,reinforcement_learning,28.39,0.138,6,48.2,7,9,0.409
50,4,npm_basics,47.24,0.5,3,65.3,9,5,0.617
50,8,reinforcement_learning,78.47,0.541,2,37.8,12,4,0.617
51,4,reinforcement_learning,23.49,0.05,5,23.2,0,4,0.09
51,8,reinforcement_learning,10.0,0.151,2,28.4,1,6,0.09
52,4,ml_fundamentals,50.6,0.341,2,54.6,8,6,0.282
52,8,deep_learning,27.87,0.249,4,36.2,5,6,0.282
53,4,npm_basics,50.75,0.713,0,74.3,13,0,0.74
53,8,reinforcement_learning,74.59,0.354,1,75.3,10,2,0.74
54,4,data_structures,82.6,0.727,0,63.7,17,0,0.879
54,8,ml_fundamentals,77.05,0.564,2,70.9,20,0,0.879
55,4,npm_basics,10.0,0.05,2,51.8,5,3,0.18
55,8,reinforcement_learning,14.05,0.093,4,49.3,1,4,0.18
56,4,reinforcement_learning,60.01,0.524,2,53.1,10,1,0.607
56,8,reinforcement_learning,36.53,0.531,0,62.1,7,3,0.607
57,4,npm_basics,45.75,0.409,3,32.5,6,5,0.428
57,8,reinforcement_learning,34.39,0.204,6,68.5,4,3,0.428
58,4,ml_fundamentals,25.2,0.13,3,56.2,4,4,0.25
58,8,deep_learning,17.16,0.124,4,49.7,6,6,0.25
59,4,npm_basics,31.21,0.416,1,56.8,4,7,0.486
59,8,reinforcement_learning,42.89,0.471,1,62.4,8,5,0.486
60,4,reinforcement_learning,68.65,0.321,3,67.9,7,4,0.638
60,8,reinforcement_learning,72.17,0.592,4,72.6,9,2,0.638
61,4,ml_fundamentals,10.0,0.135,3,44.9,3,5,0.135
61,8,deep_learning,15.94,0.278,7,40.6,2,8,0.135
62,4,reinforcement_learning,93.63,0.93,2,69.4,16,2,0.868
62,8,reinforcement_learning,100.0,0.671,0,48.2,12,1,0.868
63,4,ml_fundamentals,28.31,0.224,2,52.1,6,4,0.312
63,8,deep_learning,49.93,0.05,2,53.8,4,3,0.312
64,4,deep_learning,71.41,0.409,0,48.2,14,5,0.694
64,8,npm_basics,64.89,0.512,1,53.6,6,4,0.694
65,4,reinforcement_learning,58.03,0.306,1,60.1,8,5,0.546
65,8,reinforcement_learning,62.9,0.462,2,37.8,9,3,0.546
66,4,ml_fundamentals,70.21,0.898,0,74.1,14,1,0.888
66,8,deep_learning,80.74,0.831,0,66.1,15,1,0.888
67,4,ml_fundamentals,17.21,0.349,3,50.0,6,6,0.394
67,8,deep_learning,42.61,0.34,2,48.5,3,9,0.394
68,4,reinforcement_learning,62.68,0.672,2,58.4,8,5,0.541
68,8,reinforcement_learning,58.05,0.408,1,52.4,6,3,0.541
69,4,npm_basics,28.86,0.4,4,42.7,8,2,0.559
69,8,reinforcement_learning,48.79,0.346,0,58.6,7,1,0.559
70,4,reinforcement_learning,47.79,0.27,0,41.8,9,2,0.508
70,8,reinforcement_learning,46.17,0.46,7,49.3,4,4,0.508
71,4,npm_basics,25.3,0.198,5,53.2,2,10,0.124
71,8,reinforcement_learning,30.19,0.05,3,35.4,3,4,0.124
72,4,npm_basics,60.12,0.459,1,58.7,19,4,0.747
72,8,reinforcement_learning,70.18,0.752,1,61.2,14,2,0.747
73,4,ml_fundamentals,68.34,0.519,1,60.9,10,2,0.692
73,8,deep_learning,85.88,0.746,1,50.2,8,7,0.692
74,4,reinforcement_learning,12.55,0.105,7,45.5,5,6,0.28
74,8,reinforcement_learning,10.0,0.301,3,63.1,9,4,0.28
75,4,npm_basics,60.75,0.426,1,53.7,9,3,0.554
75,8,reinforcement_learning,38.31,0.53,0,55.0,10,3,0.554
76,4,deep_learning,61.83,0.628,0,60.5,7,2,0.694
76,8,npm_basics,67.23,0.486,1,47.5,14,3,0.694
77,4,reinforcement_learning,43.32,0.43,1,68.2,5,3,0.555
77,8,reinforcement_learning,62.38,0.47,2,71.0,7,5,0.555
78,4,data_structures,67.74,0.794,0,68.0,9,3,0.798
78,8,ml_fundamentals,79.54,0.73,0,56.7,14,2,0.798
79,4,data_structures,57.79,0.668,2,49.6,9,3,0.733
79,8,ml_fundamentals,70.83,0.484,2,72.7,9,4,0.733
80,4,npm_basics,66.87,0.564,0,58.0,8,2,0.592
80,8,reinforcement_learning,42.76,0.52,2,79.6,10,1,0.592
81,4,data_structures,56.68,0.415,1,60.2,7,3,0.526
81,8,ml_fundamentals,75.47,0.473,1,52.9,9,7,0.526
82,4,data_structures,33.95,0.05,6,45.1,1,7,0.146
82,8,ml_fundamentals,14.15,0.05,10,39.8,3,5,0.146
83,4,npm_basics,47.04,0.533,0,63.3,12,0,0.624
83,8,reinforcement_learning,62.54,0.541,1,67.7,12,3,0.624
84,4,deep_learning,76.29,0.571,1,57.4,11,2,0.822
84,8,npm_basics,67.31,0.674,1,77.2,11,3,0.822
85,4,reinforcement_learning,42.89,0.411,7,41.1,5,4,0.441
85,8,reinforcement_learning,37.89,0.512,3,54.2,11,4,0.441
86,4,data_structures,10.0,0.215,7,67.3,8,1,0.208
86,8,ml_fundamentals,35.75,0.109,3,46.6,1,9,0.208
87,4,reinforcement_learning,48.39,0.478,0,53.4,12,3,0.68
87,8,reinforcement_learning,77.3,0.484,1,61.3,10,1,0.68
88,4,reinforcement_learning,19.21,0.244,4,61.4,0,11,0.188
88,8,reinforcement_learning,13.52,0.351,6,57.1,1,10,0.188
89,4,reinforcement_learning,62.89,0.671,0,75.8,11,1,0.823
89,8,reinforcement_learning,95.09,0.617,2,57.0,8,2,0.823
90,4,reinforcement_learning,59.67,0.483,3,59.9,9,3,0.597
90,8,reinforcement_learning,40.52,0.457,2,49.1,3,1,0.597
91,4,data_structures,15.7,0.281,4,42.5,3,8,0.207
91,8,ml_fundamentals,12.75,0.05,4,40.9,4,2,0.207
92,4,ml_fundamentals,49.1,0.596,0,70.7,14,0,0.867
92,8,deep_learning,73.73,0.541,1,79.7,16,4,0.867
93,4,ml_fundamentals,40.07,0.382,3,54.1,2,7,0.387
93,8,deep_learning,33.87,0.362,5,47.8,6,3,0.387
94,4,deep_learning,38.58,0.535,1,49.6,11,5,0.678
94,8,npm_basics,43.54,0.405,6,62.5,10,6,0.678
95,4,npm_basics,32.73,0.405,4,60.1,3,2,0.352
95,8,reinforcement_learning,45.63,0.555,2,65.5,8,2,0.352
96,4,ml_fundamentals,14.21,0.21,7,34.6,1,5,0.152
96,8,deep_learning,10.0,0.05,4,51.6,3,6,0.152
97,4,deep_learning,77.0,0.715,1,58.0,13,2,0.839
97,8,npm_basics,72.72,0.737,1,84.0,15,1,0.839
98,4,npm_basics,13.33,0.23,0,57.2,3,5,0.377
98,8,reinforcement_learning,41.8,0.276,3,57.9,5,6,0.377
99,4,ml_fundamentals,75.92,0.462,3,81.8,16,3,0.778
99,8,deep_learning,47.68,0.734,0,74.3,5,4,0.778
100,4,npm_basics,44.55,0.22,2,63.9,6,6,0.491
100,8,reinforcement_learning,42.85,0.688,3,35.4,11,7,0.491
101,4,data_structures,53.56,0.523,0,56.7,8,2,0.69
101,8,ml_fundamentals,79.08,0.702,1,61.1,12,0,0.69
102,4,reinforcement_learning,73.24,0.429,2,71.2,8,6,0.583
102,8,reinforcement_learning,42.03,0.43,1,47.8,9,1,0.583
103,4,reinforcement_learning,12.85,0.483,3,27.9,7,7,0.332
103,8,reinforcement_learning,20.17,0.428,3,33.3,8,5,0.332
104,4,reinforcement_learning,53.45,0.665,0,74.2,7,3,0.693
104,8,reinforcement_learning,80.47,0.496,1,74.8,6,0,0.693
105,4,npm_basics,41.12,0.457,3,45.3,9,7,0.407
105,8,reinforcement_learning,41.55,0.371,0,61.1,4,5,0.407
106,4,reinforcement_learning,84.28,0.807,1,53.7,10,1,0.826
106,8,reinforcement_learning,80.39,0.491,1,55.2,9,1,0.826
107,4,data_structures,29.92,0.476,2,57.3,1,4,0.363
107,8,ml_fundamentals,42.36,0.143,1,55.6,6,4,0.363
108,4,npm_basics,10.0,0.446,3,45.2,6,4,0.337
108,8,reinforcement_learning,39.25,0.372,0,47.0,3,6,0.337
109,4,reinforcement_learning,45.65,0.605,1,65.5,15,1,0.74
109,8,reinforcement_learning,70.2,0.82,1,59.1,13,1,0.74
110,4,reinforcement_learning,59.35,0.599,2,58.6,14,5,0.647
110,8,reinforcement_learning,74.19,0.403,3,66.5,9,2,0.647
111,4,data_structures,33.91,0.281,0,42.3,6,3,0.456
111,8,ml_fundamentals,44.9,0.345,3,64.8,7,6,0.456
112,4,reinforcement_learning,33.88,0.509,1,51.8,7,4,0.505
112,8,reinforcement_learning,43.39,0.527,1,64.8,6,6,0.505
113,4,ml_fundamentals,33.72,0.309,5,58.3,10,2,0.368
113,8,deep_learning,39.03,0.31,3,53.2,8,7,0.368
114,4,data_structures,34.71,0.212,1,67.6,11,8,0.496
114,8,ml_fundamentals,31.1,0.501,3,55.0,11,2,0.496
115,4,ml_fundamentals,51.78,0.134,3,53.7,6,5,0.437
115,8,deep_learning,41.86,0.258,2,52.6,4,3,0.437
116,4,reinforcement_learning,64.84,0.679,0,70.4,9,2,0.704
116,8,reinforcement_learning,61.16,0.468,0,53.1,11,3,0.704
117,4,npm_basics,46.12,0.378,3,56.4,6,3,0.568
117,8,reinforcement_learning,48.41,0.437,0,52.0,2,3,0.568
118,4,npm_basics,50.52,0.505,2,43.7,8,8,0.558
118,8,reinforcement_learning,71.99,0.523,4,55.4,8,2,0.558
119,4,npm_basics,18.08,0.229,2,40.4,5,4,0.258
119,8,reinforcement_learning,25.68,0.163,4,61.0,5,9,0.258
120,4,deep_learning,67.16,0.585,2,54.1,11,3,0.667
120,8,npm_basics,45.87,0.412,3,63.0,9,1,0.667
121,4,deep_learning,85.34,0.733,0,65.0,20,0,0.916
121,8,npm_basics,87.83,0.905,0,79.7,9,0,0.916
122,4,npm_basics,18.83,0.255,3,45.7,6,6,0.317
122,8,reinforcement_learning,22.52,0.294,5,48.5,4,3,0.317
123,4,data_structures,67.21,0.707,0,72.6,16,0,0.883
123,8,ml_fundamentals,96.98,0.746,0,67.9,9,1,0.883
124,4,reinforcement_learning,16.02,0.172,2,47.3,2,7,0.123
124,8,reinforcement_learning,36.51,0.272,3,45.8,4,7,0.123
125,4,reinforcement_learning,70.09,0.58,0,73.0,9,1,0.814
125,8,reinforcement_learning,83.65,0.634,0,61.7,12,3,0.814
126,4,data_structures,49.02,0.322,3,66.5,10,5,0.459
126,8,ml_fundamentals,56.83,0.517,7,47.9,4,4,0.459
127,4,reinforcement_learning,46.84,0.339,3,56.2,10,5,0.53
127,8,reinforcement_learning,67.87,0.369,2,63.9,10,10,0.53
128,4,ml_fundamentals,32.37,0.103,5,39.6,4,6,0.15
128,8,deep_learning,12.18,0.257,5,52.5,1,6,0.15
129,4,npm_basics,34.29,0.05,1,20.1,3,7,0.229
129,8,reinforcement_learning,10.0,0.404,5,27.8,3,7,0.229
130,4,reinforcement_learning,31.38,0.477,3,80.3,10,1,0.595
130,8,reinforcement_learning,48.39,0.507,2,54.6,9,3,0.595
131,4,data_structures,57.79,0.438,0,61.6,9,2,0.612
131,8,ml_fundamentals,42.89,0.665,2,66.2,6,2,0.612
132,4,ml_fundamentals,36.74,0.343,1,55.7,9,5,0.349
132,8,deep_learning,37.07,0.05,1,42.2,6,6,0.349
133,4,deep_learning,16.07,0.061,5,33.9,1,11,0.074
133,8,npm_basics,10.0,0.05,7,52.9,0,12,0.074
134,4,deep_learning,37.03,0.366,1,68.5,12,2,0.458
134,8,npm_basics,37.19,0.412,0,60.7,2,5,0.458
135,4,ml_fundamentals,59.44,0.563,0,65.2,20,4,0.717
135,8,deep_learning,74.68,0.517,2,57.8,10,0,0.717
136,4,deep_learning,47.95,0.685,0,46.2,6,3,0.569
136,8,npm_basics,61.38,0.612,4,66.8,6,3,0.569
137,4,reinforcement_learning,14.71,0.148,4,50.9,5,7,0.226
137,8,reinforcement_learning,10.0,0.414,3,43.1,4,5,0.226
138,4,reinforcement_learning,77.33,0.575,0,75.0,17,2,0.71
138,8,reinforcement_learning,73.81,0.458,0,73.7,8,3,0.71
139,4,data_structures,54.21,0.376,4,51.0,6,6,0.586
139,8,ml_fundamentals,57.38,0.408,3,63.1,9,4,0.586
140,4,ml_fundamentals,85.25,0.647,2,63.9,16,2,0.814
140,8,deep_learning,69.17,0.768,0,51.3,10,1,0.814
141,4,ml_fundamentals,36.71,0.33,4,62.0,8,2,0.355
141,8,deep_learning,44.04,0.114,4,47.0,6,7,0.355
142,4,reinforcement_learning,44.18,0.346,1,57.7,7,5,0.618
142,8,reinforcement_learning,46.49,0.532,6,50.3,4,2,0.618
143,4,reinforcement_learning,36.54,0.29,8,50.0,4,5,0.286
143,8,reinforcement_learning,31.04,0.373,1,57.8,4,6,0.286
144,4,deep_learning,46.58,0.39,2,37.6,6,4,0.385
144,8,npm_basics,44.89,0.215,1,65.3,4,8,0.385
145,4,ml_fundamentals,47.71,0.2,2,64.1,7,5,0.548
145,8,deep_learning,44.93,0.619,2,60.0,5,3,0.548
146,4,reinforcement_learning,65.62,0.504,1,68.6,12,1,0.8
146,8,reinforcement_learning,75.37,0.556,2,61.0,9,1,0.8
147,4,deep_learning,10.0,0.399,7,45.8,3,6,0.377
147,8,npm_basics,22.36,0.304,5,45.0,3,7,0.377
148,4,data_structures,15.31,0.282,2,47.4,0,10,0.06
148,8,ml_fundamentals,10.0,0.05,4,45.7,0,9,0.06
149,4,ml_fundamentals,23.49,0.161,7,63.8,9,2,0.284
149,8,deep_learning,31.85,0.198,3,55.7,6,3,0.284
150,4,ml_fundamentals,80.12,0.468,4,52.5,9,3,0.658
150,8,deep_learning,57.86,0.48,1,56.9,6,1,0.658
151,4,npm_basics,60.65,0.45,1,69.7,10,0,0.739
151,8,reinforcement_learning,72.73,0.665,1,61.4,5,4,0.739
152,4,data_structures,23.9,0.05,1,55.8,3,3,0.336
152,8,ml_fundamentals,14.62,0.467,1,55.8,9,7,0.336
153,4,reinforcement_learning,15.34,0.476,1,40.7,8,8,0.292
153,8,reinforcement_learning,23.42,0.315,1,42.0,2,5,0.292
154,4,ml_fundamentals,79.21,0.627,1,63.1,4,2,0.784
154,8,deep_learning,62.05,0.644,0,62.7,17,1,0.784
155,4,ml_fundamentals,53.61,0.489,6,48.1,10,5,0.544
155,8,deep_learning,56.42,0.498,0,56.6,9,8,0.544
156,4,data_structures,60.06,0.573,3,61.1,11,4,0.67
156,8,ml_fundamentals,58.82,0.475,0,35.1,11,2,0.67
157,4,deep_learning,28.29,0.05,6,56.3,4,9,0.226
157,8,npm_basics,19.53,0.05,5,50.2,5,4,0.226
158,4,reinforcement_learning,73.65,0.399,2,57.2,7,2,0.687
158,8,reinforcement_learning,72.58,0.46,1,49.9,6,1,0.687
159,4,data_structures,52.69,0.491,1,52.9,9,3,0.614
159,8,ml_fundamentals,62.33,0.514,1,67.8,9,4,0.614
160,4,npm_basics,48.38,0.439,2,47.3,5,6,0.512
160,8,reinforcement_learning,61.58,0.429,1,81.3,8,6,0.512
161,4,reinforcement_learning,22.63,0.397,2,49.4,4,3,0.417
161,8,reinforcement_learning,31.02,0.308,4,60.6,4,3,0.417
162,4,deep_learning,43.73,0.268,5,53.6,5,4,0.459
162,8,npm_basics,33.31,0.328,2,32.5,6,4,0.459
163,4,deep_learning,25.9,0.322,3,36.1,8,3,0.408
163,8,npm_basics,42.65,0.31,3,42.9,4,6,0.408
164,4,data_structures,68.46,0.479,1,60.3,12,4,0.608
164,8,ml_fundamentals,43.34,0.68,0,39.2,12,2,0.608
165,4,deep_learning,15.27,0.368,5,51.0,5,5,0.356
165,8,npm_basics,57.64,0.233,2,45.8,6,2,0.356
166,4,data_structures,28.86,0.505,2,68.8,6,6,0.446
166,8,ml_fundamentals,30.25,0.372,5,39.3,10,4,0.446
167,4,deep_learning,33.42,0.248,2,58.7,1,5,0.436
167,8,npm_basics,50.57,0.554,7,55.2,8,4,0.436
168,4,ml_fundamentals,69.94,0.627,1,78.8,9,0,0.869
168,8,deep_learning,77.78,0.795,0,68.1,9,0,0.869
169,4,reinforcement_learning,94.15,0.82,0,80.8,13,2,0.869
169,8,reinforcement_learning,83.78,0.515,0,67.8,10,0,0.869
170,4,reinforcement_learning,63.76,0.324,3,67.6,4,4,0.469
170,8,reinforcement_learning,58.61,0.546,1,27.3,11,3,0.469
171,4,npm_basics,81.14,0.746,3,62.2,12,1,0.761
171,8,reinforcement_learning,68.73,0.549,1,54.0,10,3,0.761
172,4,reinforcement_learning,61.8,0.596,0,56.8,14,4,0.703
172,8,reinforcement_learning,79.33,0.593,2,53.0,10,4,0.703
173,4,data_structures,80.26,0.641,0,82.4,12,1,0.917
173,8,ml_fundamentals,88.68,0.682,0,65.1,10,1,0.917
174,4,reinforcement_learning,57.35,0.452,2,60.9,10,1,0.682
174,8,reinforcement_learning,65.37,0.43,0,59.4,8,4,0.682
175,4,deep_learning,39.83,0.182,2,56.3,1,7,0.189
175,8,npm_basics,10.0,0.05,3,49.6,4,5,0.189
176,4,npm_basics,35.98,0.332,2,46.8,6,2,0.593
176,8,reinforcement_learning,67.02,0.421,1,44.1,8,2,0.593
177,4,npm_basics,85.04,0.687,0,58.9,9,1,0.667
177,8,reinforcement_learning,41.62,0.517,2,58.9,16,1,0.667
178,4,deep_learning,29.86,0.195,3,35.4,3,7,0.264
178,8,npm_basics,29.17,0.276,5,49.6,4,10,0.264
179,4,reinforcement_learning,29.88,0.402,3,38.3,10,5,0.409
179,8,reinforcement_learning,54.08,0.365,1,58.0,9,8,0.409
180,4,data_structures,10.0,0.093,3,55.2,6,8,0.181
180,8,ml_fundamentals,24.6,0.23,3,34.4,3,9,0.181
181,4,ml_fundamentals,45.12,0.564,2,41.3,7,6,0.533
181,8,deep_learning,49.03,0.413,2,80.7,9,4,0.533
182,4,npm_basics,52.57,0.427,1,63.1,8,2,0.594
182,8,reinforcement_learning,56.33,0.341,2,59.4,8,1,0.594
183,4,npm_basics,26.44,0.401,4,36.0,6,8,0.326
183,8,reinforcement_learning,41.39,0.329,4,31.8,8,7,0.326
184,4,npm_basics,47.59,0.247,4,41.2,1,6,0.317
184,8,reinforcement_learning,45.08,0.331,2,56.3,4,5,0.317
185,4,npm_basics,44.57,0.384,3,48.5,5,11,0.398
185,8,reinforcement_learning,51.71,0.157,1,58.5,9,4,0.398
186,4,reinforcement_learning,32.18,0.421,3,56.6,6,8,0.449
186,8,reinforcement_learning,54.01,0.241,1,53.6,8,5,0.449
187,4,deep_learning,65.81,0.672,2,67.6,12,2,0.742
187,8,npm_basics,65.29,0.649,0,58.7,8,1,0.742
188,4,npm_basics,45.71,0.501,0,36.6,11,2,0.556
188,8,reinforcement_learning,56.56,0.639,1,46.6,8,4,0.556
189,4,reinforcement_learning,43.72,0.549,4,62.5,8,8,0.541
189,8,reinforcement_learning,60.5,0.528,3,40.5,10,2,0.541
190,4,reinforcement_learning,32.07,0.505,5,46.7,4,5,0.42
190,8,reinforcement_learning,25.16,0.256,2,40.5,4,8,0.42
191,4,reinforcement_learning,20.3,0.189,3,57.4,3,5,0.336
191,8,reinforcement_learning,56.72,0.05,3,41.7,2,4,0.336
192,4,reinforcement_learning,69.97,0.624,1,85.0,9,2,0.836
192,8,reinforcement_learning,44.1,0.908,0,68.1,13,0,0.836
193,4,npm_basics,73.01,0.659,0,66.4,17,2,0.693
193,8,reinforcement_learning,56.27,0.642,2,55.6,11,3,0.693
194,4,data_structures,10.0,0.05,5,45.9,0,12,0.05
194,8,ml_fundamentals,10.0,0.05,4,43.7,0,7,0.05
195,4,npm_basics,33.45,0.424,3,66.3,8,4,0.455
195,8,reinforcement_learning,38.2,0.358,4,50.6,11,5,0.455
196,4,ml_fundamentals,35.97,0.422,6,38.2,6,2,0.445
196,8,deep_learning,39.08,0.347,1,66.1,4,5,0.445
197,4,data_structures,22.75,0.239,4,31.3,2,9,0.099
197,8,ml_fundamentals,15.02,0.05,1,46.4,3,6,0.099
198,4,reinforcement_learning,10.0,0.157,3,42.7,5,2,0.14
198,8,reinforcement_learning,10.0,0.084,7,37.7,3,5,0.14
199,4,npm_basics,44.23,0.497,1,70.7,7,6,0.565
199,8,reinforcement_learning,52.34,0.279,3,53.6,7,2,0.565
200,4,data_structures,68.98,0.573,3,54.8,6,2,0.845
200,8,ml_fundamentals,66.69,0.723,0,59.2,8,2,0.845
201,4,reinforcement_learning,47.83,0.217,1,47.9,4,8,0.378
201,8,reinforcement_learning,21.0,0.213,3,59.0,5,4,0.378
202,4,data_structures,24.78,0.221,2,55.9,7,3,0.307
202,8,ml_fundamentals,10.0,0.153,6,40.1,5,5,0.307
203,4,reinforcement_learning,71.3,0.462,1,67.4,11,3,0.684
203,8,reinforcement_learning,55.59,0.509,4,63.3,11,1,0.684
204,4,reinforcement_learning,10.0,0.079,8,47.7,0,11,0.116
204,8,reinforcement_learning,10.0,0.05,3,42.7,5,7,0.116
205,4,deep_learning,34.29,0.198,7,41.2,3,4,0.267
205,8,npm_basics,11.18,0.242,4,52.0,3,4,0.267
206,4,deep_learning,22.08,0.05,4,40.1,1,4,0.285
206,8,npm_basics,10.0,0.067,7,51.7,2,5,0.285
207,4,data_structures,18.42,0.352,4,20.0,1,6,0.309
207,8,ml_fundamentals,24.97,0.3,5,39.2,0,4,0.309
208,4,npm_basics,75.93,0.67,0,60.2,15,3,0.861
208,8,reinforcement_learning,78.58,0.631,0,50.7,10,0,0.861
209,4,reinforcement_learning,21.08,0.05,1,62.4,4,6,0.286
209,8,reinforcement_learning,30.79,0.255,4,64.5,5,6,0.286
210,4,reinforcement_learning,81.93,0.667,1,78.3,14,1,0.902
210,8,reinforcement_learning,79.87,0.661,0,74.0,12,1,0.902
211,4,reinforcement_learning,10.0,0.213,3,35.8,3,3,0.191
211,8,reinforcement_learning,11.02,0.357,5,44.2,5,7,0.191
212,4,deep_learning,10.0,0.098,3,48.7,4,6,0.077
212,8,npm_basics,10.0,0.05,3,50.7,1,8,0.077
213,4,reinforcement_learning,76.06,0.517,2,75.5,11,2,0.668
213,8,reinforcement_learning,87.17,0.604,1,55.7,7,2,0.668
214,4,reinforcement_learning,10.0,0.05,5,18.4,3,7,0.138
214,8,reinforcement_learning,10.0,0.16,8,43.2,2,4,0.138
215,4,ml_fundamentals,25.47,0.057,6,33.6,0,9,0.05
215,8,deep_learning,10.0,0.05,8,55.3,0,7,0.05
216,4,reinforcement_learning,31.22,0.33,3,59.4,13,3,0.507
216,8,reinforcement_learning,37.42,0.546,3,46.0,9,3,0.507
217,4,ml_fundamentals,44.55,0.656,3,58.0,14,2,0.773
217,8,deep_learning,59.14,0.689,1,60.5,12,3,0.773
218,4,deep_learning,50.95,0.658,1,68.0,8,2,0.668
218,8,npm_basics,56.85,0.576,2,69.8,12,2,0.668
219,4,ml_fundamentals,18.31,0.283,3,40.9,3,6,0.25
219,8,deep_learning,10.0,0.148,5,58.5,1,4,0.25
220,4,deep_learning,10.0,0.05,3,36.9,5,8,0.145
220,8,npm_basics,13.17,0.05,2,51.4,4,7,0.145
221,4,ml_fundamentals,29.61,0.609,1,61.2,9,8,0.374
221,8,deep_learning,37.78,0.117,4,42.3,8,8,0.374
222,4,ml_fundamentals,58.21,0.823,3,76.1,11,4,0.609
222,8,deep_learning,89.07,0.503,0,67.8,5,0,0.609
223,4,reinforcement_learning,42.16,0.539,3,56.3,6,1,0.716
223,8,reinforcement_learning,58.65,0.553,3,74.2,6,1,0.716
224,4,reinforcement_learning,78.6,0.707,0,73.7,9,0,0.866
224,8,reinforcement_learning,78.9,0.409,0,71.2,11,2,0.866
225,4,ml_fundamentals,20.99,0.071,5,41.8,1,8,0.198
225,8,deep_learning,10.0,0.341,6,55.2,0,5,0.198
226,4,ml_fundamentals,31.38,0.13,7,58.5,0,9,0.091
226,8,deep_learning,10.0,0.214,5,48.2,0,4,0.091
227,4,reinforcement_learning,13.06,0.173,7,57.3,5,6,0.28
227,8,reinforcement_learning,43.09,0.133,5,53.3,3,9,0.28
228,4,reinforcement_learning,50.89,0.46,3,62.9,9,1,0.732
228,8,reinforcement_learning,85.48,0.563,2,62.9,8,5,0.732
229,4,npm_basics,43.29,0.604,1,70.9,7,4,0.658
229,8,reinforcement_learning,69.96,0.744,3,62.6,14,6,0.658
230,4,data_structures,59.18,0.496,4,32.4,8,2,0.678
230,8,ml_fundamentals,39.26,0.404,2,65.1,15,5,0.678
231,4,reinforcement_learning,26.22,0.242,3,52.5,9,5,0.437
231,8,reinforcement_learning,53.03,0.294,1,58.6,5,2,0.437
232,4,deep_learning,42.98,0.569,1,63.2,14,4,0.644
232,8,npm_basics,53.92,0.457,2,72.6,5,0,0.644
233,4,reinforcement_learning,46.1,0.378,1,47.5,5,4,0.605
233,8,reinforcement_learning,43.73,0.834,1,70.6,8,5,0.605
234,4,ml_fundamentals,48.86,0.399,2,50.1,13,2,0.567
234,8,deep_learning,44.43,0.421,0,63.8,9,1,0.567
235,4,ml_fundamentals,53.74,0.62,1,59.8,9,1,0.802
235,8,deep_learning,53.56,0.655,0,60.4,20,1,0.802
236,4,reinforcement_learning,44.77,0.529,2,51.7,6,4,0.617
236,8,reinforcement_learning,70.04,0.614,0,62.2,6,4,0.617
237,4,data_structures,10.0,0.175,2,59.8,4,5,0.167
237,8,ml_fundamentals,24.2,0.238,3,40.5,1,3,0.167
238,4,npm_basics,27.36,0.352,5,42.6,4,6,0.326
238,8,reinforcement_learning,29.56,0.073,2,53.5,8,5,0.326
239,4,npm_basics,10.38,0.232,2,41.1,3,4,0.299
239,8,reinforcement_learning,46.65,0.238,4,40.4,4,10,0.299
240,4,ml_fundamentals,53.32,0.568,2,78.1,8,3,0.722
240,8,deep_learning,68.25,0.559,1,36.8,13,5,0.722
241,4,reinforcement_learning,46.91,0.474,2,48.3,14,4,0.625
241,8,reinforcement_learning,38.58,0.62,2,54.7,8,1,0.625
242,4,ml_fundamentals,70.32,0.706,3,40.5,9,1,0.796
242,8,deep_learning,77.37,0.695,0,71.2,18,1,0.796
243,4,ml_fundamentals,15.52,0.076,0,40.6,2,2,0.129
243,8,deep_learning,10.0,0.05,3,41.8,2,1,0.129
244,4,reinforcement_learning,21.93,0.092,5,51.0,5,8,0.311
244,8,reinforcement_learning,29.57,0.313,2,58.9,5,6,0.311
245,4,npm_basics,43.6,0.572,0,54.6,8,4,0.651
245,8,reinforcement_learning,61.75,0.482,4,50.2,14,4,0.651
246,4,ml_fundamentals,44.32,0.67,0,67.1,17,0,0.828
246,8,deep_learning,78.89,0.853,1,57.0,7,2,0.828
247,4,reinforcement_learning,47.24,0.311,0,40.2,12,1,0.565
247,8,reinforcement_learning,31.18,0.212,3,60.0,12,4,0.565
248,4,deep_learning,10.0,0.05,3,57.1,4,4,0.244
248,8,npm_basics,19.49,0.348,3,36.9,3,5,0.244
249,4,deep_learning,75.22,0.206,3,69.6,9,3,0.66
249,8,npm_basics,67.18,0.525,3,72.4,8,3,0.66
250,4,data_structures,71.09,0.745,1,56.3,14,2,0.783
250,8,ml_fundamentals,72.39,0.857,0,61.0,18,1,0.783
251,4,ml_fundamentals,34.07,0.636,5,61.6,7,7,0.396
251,8,deep_learning,19.63,0.413,3,55.7,4,1,0.396
252,4,reinforcement_learning,21.04,0.204,5,45.7,4,4,0.236
252,8,reinforcement_learning,35.05,0.147,4,43.0,3,8,0.236
253,4,ml_fundamentals,34.34,0.397,3,48.0,9,6,0.374
253,8,deep_learning,26.96,0.285,2,41.2,5,11,0.374
254,4,ml_fundamentals,43.3,0.476,2,49.0,8,4,0.65
254,8,deep_learning,53.61,0.544,2,60.0,13,7,0.65
255,4,data_structures,94.31,0.773,1,62.0,13,1,0.867
255,8,ml_fundamentals,88.14,0.659,1,58.2,18,1,0.867
256,4,reinforcement_learning,76.66,0.538,0,61.6,7,1,0.777
256,8,reinforcement_learning,78.93,0.469,0,78.1,14,2,0.777
257,4,npm_basics,22.42,0.272,4,63.8,4,6,0.271
257,8,reinforcement_learning,26.22,0.164,3,39.0,10,5,0.271
258,4,reinforcement_learning,38.2,0.379,2,50.7,3,4,0.408
258,8,reinforcement_learning,36.28,0.3,2,49.0,2,7,0.408
259,4,npm_basics,10.0,0.108,8,33.7,0,14,0.091
259,8,reinforcement_learning,25.66,0.179,9,27.9,0,8,0.091
260,4,data_structures,30.6,0.362,1,32.2,9,4,0.521
260,8,ml_fundamentals,13.61,0.191,2,50.7,5,1,0.521
261,4,npm_basics,57.99,0.55,2,49.9,5,1,0.599
261,8,reinforcement_learning,56.36,0.495,2,57.8,9,6,0.599
262,4,ml_fundamentals,27.49,0.05,3,61.8,1,3,0.175
262,8,deep_learning,20.3,0.249,3,40.4,3,5,0.175
263,4,ml_fundamentals,36.37,0.538,1,71.0,6,2,0.596
263,8,deep_learning,50.37,0.348,4,48.8,10,5,0.596
264,4,reinforcement_learning,74.02,0.736,1,59.4,10,5,0.738
264,8,reinforcement_learning,68.5,0.508,0,60.2,19,1,0.738
265,4,reinforcement_learning,32.71,0.289,9,37.5,5,9,0.296
265,8,reinforcement_learning,30.27,0.09,1,65.5,2,6,0.296
266,4,reinforcement_learning,50.89,0.541,0,75.8,5,3,0.616
266,8,reinforcement_learning,55.36,0.467,1,58.2,6,0,0.616
267,4,data_structures,50.62,0.344,2,59.1,4,3,0.634
267,8,ml_fundamentals,59.58,0.378,0,67.2,14,3,0.634
268,4,data_structures,92.1,0.558,1,74.2,13,2,0.871
268,8,ml_fundamentals,96.42,0.749,1,63.2,10,1,0.871
269,4,ml_fundamentals,35.38,0.368,4,61.9,4,1,0.424
269,8,deep_learning,55.04,0.49,3,46.4,5,3,0.424
270,4,reinforcement_learning,41.84,0.73,3,40.2,4,4,0.633
270,8,reinforcement_learning,48.27,0.559,1,87.5,13,0,0.633
271,4,npm_basics,87.11,0.757,0,66.8,12,3,0.849
271,8,reinforcement_learning,84.22,0.986,1,50.5,17,2,0.849
272,4,npm_basics,10.0,0.226,0,55.4,6,7,0.26
272,8,reinforcement_learning,40.08,0.146,7,57.5,5,6,0.26
273,4,npm_basics,67.22,0.628,1,67.3,11,1,0.806
273,8,reinforcement_learning,60.69,0.843,2,57.3,5,0,0.806
274,4,ml_fundamentals,51.76,0.629,3,56.3,8,2,0.725
274,8,deep_learning,76.44,0.608,1,51.0,11,4,0.725
275,4,ml_fundamentals,10.0,0.125,3,47.2,2,6,0.058
275,8,deep_learning,10.0,0.05,3,26.7,1,9,0.058
276,4,deep_learning,38.31,0.563,1,43.2,4,3,0.622
276,8,npm_basics,57.67,0.365,2,46.2,7,4,0.622
277,4,ml_fundamentals,41.45,0.594,3,54.2,11,5,0.636
277,8,deep_learning,51.36,0.459,1,64.6,6,3,0.636
278,4,npm_basics,11.85,0.114,3,61.0,2,7,0.32
278,8,reinforcement_learning,22.46,0.314,5,40.9,7,6,0.32
279,4,deep_learning,16.24,0.131,1,45.1,8,6,0.291
279,8,npm_basics,10.0,0.323,4,53.5,1,4,0.291
280,4,data_structures,59.77,0.561,1,74.4,12,2,0.721
280,8,ml_fundamentals,66.76,0.501,1,58.8,11,3,0.721
281,4,reinforcement_learning,26.43,0.362,6,53.3,3,4,0.371
281,8,reinforcement_learning,43.72,0.164,3,52.2,6,5,0.371
282,4,npm_basics,10.0,0.148,3,44.4,2,12,0.187
282,8,reinforcement_learning,14.91,0.15,1,63.7,3,6,0.187
283,4,deep_learning,36.57,0.452,2,56.9,4,6,0.512
283,8,npm_basics,38.81,0.19,1,50.8,11,4,0.512
284,4,deep_learning,20.35,0.352,0,55.9,4,2,0.357
284,8,npm_basics,29.43,0.26,5,55.5,10,6,0.357
285,4,data_structures,28.6,0.216,2,60.4,7,6,0.289
285,8,ml_fundamentals,27.19,0.284,3,48.0,10,9,0.289
286,4,data_structures,62.21,0.649,1,64.1,6,3,0.67
286,8,ml_fundamentals,66.96,0.505,0,52.8,7,7,0.67
287,4,ml_fundamentals,52.43,0.334,2,56.3,10,3,0.449
287,8,deep_learning,29.69,0.328,0,54.9,6,4,0.449
288,4,deep_learning,10.0,0.464,4,39.4,3,9,0.222
288,8,npm_basics,13.04,0.259,1,40.8,0,9,0.222
289,4,data_structures,22.55,0.189,5,65.6,9,4,0.411
289,8,ml_fundamentals,28.82,0.218,5,55.8,1,3,0.411
290,4,reinforcement_learning,71.28,0.434,0,52.6,13,1,0.812
290,8,reinforcement_learning,76.84,0.659,2,61.0,9,2,0.812
291,4,reinforcement_learning,78.6,0.646,1,49.8,4,1,0.707
291,8,reinforcement_learning,62.41,0.682,2,41.1,8,2,0.707
292,4,ml_fundamentals,25.58,0.05,1,31.0,5,7,0.223
292,8,deep_learning,45.26,0.097,4,45.0,3,5,0.223
293,4,ml_fundamentals,25.58,0.509,4,52.3,4,1,0.445
293,8,deep_learning,36.63,0.111,4,54.7,6,4,0.445
294,4,npm_basics,10.0,0.112,4,45.4,4,5,0.087
294,8,reinforcement_learning,16.96,0.05,4,58.7,0,10,0.087
295,4,reinforcement_learning,23.8,0.05,6,56.1,2,10,0.128
295,8,reinforcement_learning,10.0,0.05,4,49.3,0,10,0.128
296,4,reinforcement_learning,51.57,0.732,0,52.0,9,3,0.681
296,8,reinforcement_learning,68.99,0.575,0,77.9,12,1,0.681
297,4,ml_fundamentals,41.37,0.563,0,53.0,7,1,0.605
297,8,deep_learning,65.36,0.534,2,57.4,18,3,0.605
298,4,reinforcement_learning,63.29,0.76,0,76.5,11,1,0.852
298,8,reinforcement_learning,64.5,0.668,1,68.1,11,1,0.852
299,4,data_structures,43.86,0.436,0,41.5,11,2,0.6
299,8,ml_fundamentals,38.53,0.643,1,63.5,10,4,0.6
300,4,npm_basics,27.58,0.289,1,46.9,8,4,0.492
300,8,reinforcement_learning,40.15,0.502,3,69.8,11,2,0.492
301,4,reinforcement_learning,32.92,0.366,2,32.4,10,8,0.512
301,8,reinforcement_learning,60.6,0.444,1,62.5,6,7,0.512
302,4,ml_fundamentals,25.7,0.111,3,57.7,0,12,0.098
302,8,deep_learning,14.84,0.08,1,46.2,2,5,0.098
303,4,reinforcement_learning,39.45,0.165,4,46.9,7,6,0.464
303,8,reinforcement_learning,47.96,0.241,4,41.0,6,3,0.464
304,4,data_structures,32.21,0.477,5,52.5,7,4,0.437
304,8,ml_fundamentals,64.18,0.342,2,43.5,7,5,0.437
305,4,data_structures,32.07,0.193,7,36.7,8,14,0.269
305,8,ml_fundamentals,10.0,0.091,3,44.6,2,6,0.269
306,4,reinforcement_learning,37.36,0.16,5,44.1,8,3,0.536
306,8,reinforcement_learning,74.43,0.453,4,65.7,11,5,0.536
307,4,npm_basics,31.89,0.159,5,48.8,5,6,0.309
307,8,reinforcement_learning,17.48,0.197,1,55.7,3,5,0.309
308,4,ml_fundamentals,48.1,0.321,1,58.1,12,5,0.51
308,8,deep_learning,34.68,0.426,2,62.1,9,3,0.51
309,4,reinforcement_learning,28.77,0.24,3,44.8,3,6,0.219
309,8,reinforcement_learning,34.08,0.221,4,51.1,5,9,0.219
310,4,data_structures,78.54,0.657,0,69.0,15,0,0.873
310,8,ml_fundamentals,91.78,0.713,1,68.3,17,1,0.873
311,4,deep_learning,52.81,0.294,3,56.8,6,6,0.576
311,8,npm_basics,51.94,0.728,0,68.2,7,4,0.576
312,4,reinforcement_learning,35.93,0.311,5,61.6,2,1,0.499
312,8,reinforcement_learning,54.81,0.331,1,41.6,8,1,0.499
313,4,reinforcement_learning,48.47,0.355,1,55.0,14,3,0.654
313,8,reinforcement_learning,62.84,0.4,5,71.1,8,3,0.654
314,4,ml_fundamentals,31.54,0.169,2,67.1,4,2,0.349
314,8,deep_learning,66.46,0.232,4,60.9,7,4,0.349
315,4,reinforcement_learning,15.0,0.212,3,34.2,2,3,0.203
315,8,reinforcement_learning,10.0,0.169,6,64.5,6,6,0.203
316,4,reinforcement_learning,53.18,0.4,3,62.5,7,3,0.432
316,8,reinforcement_learning,45.95,0.253,0,27.6,7,6,0.432
317,4,ml_fundamentals,10.0,0.07,3,32.8,1,5,0.147
317,8,deep_learning,24.51,0.135,1,48.8,4,4,0.147
318,4,reinforcement_learning,10.0,0.05,4,39.3,1,10,0.094
318,8,reinforcement_learning,10.0,0.05,5,35.1,1,10,0.094
319,4,reinforcement_learning,33.59,0.25,6,51.9,9,2,0.428
319,8,reinforcement_learning,30.88,0.072,4,33.8,10,1,0.428
320,4,reinforcement_learning,49.6,0.282,3,79.0,10,5,0.618
320,8,reinforcement_learning,40.58,0.483,2,47.9,6,5,0.618
321,4,reinforcement_learning,10.0,0.166,6,46.0,2,5,0.275
321,8,reinforcement_learning,31.57,0.189,1,56.2,8,9,0.275
322,4,deep_learning,37.13,0.613,4,52.2,10,6,0.379
322,8,npm_basics,44.24,0.354,3,51.0,1,4,0.379
323,4,ml_fundamentals,27.25,0.475,5,62.7,5,4,0.47
323,8,deep_learning,36.49,0.228,2,55.9,11,4,0.47
324,4,ml_fundamentals,51.08,0.437,3,37.1,8,3,0.519
324,8,deep_learning,40.88,0.317,3,67.1,13,4,0.519
325,4,ml_fundamentals,10.0,0.117,5,47.7,0,6,0.083
325,8,deep_learning,19.14,0.095,2,49.7,1,8,0.083
326,4,npm_basics,70.05,0.652,1,69.0,6,3,0.608
326,8,reinforcement_learning,61.39,0.428,3,59.8,10,2,0.608
327,4,deep_learning,27.97,0.236,2,61.4,7,3,0.379
327,8,npm_basics,48.69,0.34,3,48.7,3,4,0.379
328,4,ml_fundamentals,29.15,0.435,0,79.5,9,4,0.591
328,8,deep_learning,62.02,0.22,6,53.5,7,3,0.591
329,4,deep_learning,10.0,0.334,3,45.2,7,2,0.459
329,8,npm_basics,31.09,0.175,9,66.0,7,7,0.459
330,4,reinforcement_learning,53.05,0.453,5,54.8,14,5,0.52
330,8,reinforcement_learning,46.19,0.376,2,39.4,16,1,0.52
331,4,reinforcement_learning,55.18,0.598,2,65.4,9,0,0.687
331,8,reinforcement_learning,52.56,0.596,0,65.9,5,3,0.687
332,4,npm_basics,10.0,0.5,4,46.3,5,7,0.407
332,8,reinforcement_learning,30.65,0.23,3,67.1,7,6,0.407
333,4,reinforcement_learning,38.96,0.389,3,53.4,8,4,0.45
333,8,reinforcement_learning,38.42,0.281,3,44.4,8,1,0.45
334,4,ml_fundamentals,22.36,0.243,4,56.9,4,7,0.376
334,8,deep_learning,56.73,0.323,1,39.8,6,7,0.376
335,4,ml_fundamentals,89.58,0.654,0,68.8,10,1,0.823
335,8,deep_learning,69.12,0.583,0,54.2,17,4,0.823
336,4,reinforcement_learning,39.23,0.36,1,56.4,5,8,0.388
336,8,reinforcement_learning,14.16,0.361,6,47.3,4,6,0.388
337,4,deep_learning,24.47,0.36,3,56.9,10,6,0.405
337,8,npm_basics,38.22,0.206,2,56.5,4,2,0.405
338,4,reinforcement_learning,34.65,0.282,5,34.5,5,2,0.274
338,8,reinforcement_learning,32.36,0.116,6,39.1,1,7,0.274
339,4,deep_learning,58.39,0.731,0,82.9,12,0,0.855
339,8,npm_basics,79.7,0.675,4,58.1,15,0,0.855
340,4,ml_fundamentals,37.81,0.638,0,38.2,12,3,0.681
340,8,deep_learning,64.36,0.548,2,64.2,9,2,0.681
341,4,reinforcement_learning,70.15,0.691,1,60.1,12,5,0.741
341,8,reinforcement_learning,61.84,0.625,1,81.1,7,3,0.741
342,4,ml_fundamentals,10.0,0.477,1,47.0,11,3,0.397
342,8,deep_learning,21.09,0.29,2,51.0,2,4,0.397
343,4,deep_learning,34.67,0.417,1,67.7,13,1,0.604
343,8,npm_basics,68.65,0.326,1,48.0,11,1,0.604
344,4,reinforcement_learning,10.0,0.27,2,27.2,1,5,0.114
344,8,reinforcement_learning,20.65,0.099,3,61.9,2,3,0.114
345,4,reinforcement_learning,64.65,0.891,1,56.8,13,3,0.724
345,8,reinforcement_learning,86.96,0.454,1,68.8,16,5,0.724
346,4,deep_learning,47.16,0.111,10,56.9,5,3,0.372
346,8,npm_basics,35.68,0.284,6,76.5,7,5,0.372
347,4,reinforcement_learning,61.88,0.572,1,72.5,9,3,0.75
347,8,reinforcement_learning,80.96,0.625,0,69.6,14,2,0.75
348,4,reinforcement_learning,33.43,0.204,5,46.5,8,2,0.442
348,8,reinforcement_learning,35.85,0.336,4,32.3,2,2,0.442
349,4,deep_learning,54.81,0.444,5,43.8,4,9,0.398
349,8,npm_basics,36.82,0.403,3,45.5,1,2,0.398
350,4,data_structures,18.93,0.228,6,41.8,5,10,0.256
350,8,ml_fundamentals,18.79,0.286,3,45.1,3,4,0.256
351,4,reinforcement_learning,56.41,0.541,5,49.9,15,2,0.633
351,8,reinforcement_learning,65.69,0.507,1,64.4,16,0,0.633
352,4,reinforcement_learning,42.07,0.226,1,52.6,3,4,0.411
352,8,reinforcement_learning,24.3,0.166,2,67.3,1,7,0.411
353,4,deep_learning,10.02,0.05,1,37.0,1,5,0.144
353,8,npm_basics,16.79,0.055,3,43.2,1,7,0.144
354,4,ml_fundamentals,18.39,0.085,6,35.2,3,3,0.231
354,8,deep_learning,16.1,0.207,3,56.8,2,8,0.231
355,4,data_structures,19.19,0.243,2,56.3,3,8,0.439
355,8,ml_fundamentals,34.62,0.358,2,54.5,1,9,0.439
356,4,ml_fundamentals,25.28,0.168,4,52.3,5,8,0.388
356,8,deep_learning,36.45,0.522,4,58.9,5,8,0.388
357,4,reinforcement_learning,36.27,0.372,2,60.7,9,4,0.429
357,8,reinforcement_learning,27.94,0.338,3,52.5,3,5,0.429
358,4,data_structures,10.0,0.05,5,56.9,4,6,0.18
358,8,ml_fundamentals,10.0,0.207,3,38.1,2,5,0.18
359,4,deep_learning,59.68,0.489,4,85.0,6,3,0.633
359,8,npm_basics,62.18,0.365,2,63.5,20,1,0.633
360,4,ml_fundamentals,53.02,0.479,2,53.0,10,3,0.562
360,8,deep_learning,55.79,0.479,3,52.4,11,3,0.562
361,4,deep_learning,20.23,0.391,3,37.1,5,4,0.418
361,8,npm_basics,26.92,0.358,1,62.1,8,6,0.418
362,4,reinforcement_learning,27.98,0.361,1,68.8,6,5,0.452
362,8,reinforcement_learning,53.21,0.635,2,57.4,2,7,0.452
363,4,npm_basics,44.67,0.641,2,55.9,3,3,0.421
363,8,reinforcement_learning,33.02,0.129,5,63.6,8,3,0.421
364,4,reinforcement_learning,10.0,0.058,6,49.0,1,7,0.12
364,8,reinforcement_learning,19.61,0.069,3,28.6,1,7,0.12
365,4,reinforcement_learning,10.0,0.123,3,52.2,5,5,0.194
365,8,reinforcement_learning,10.0,0.19,4,52.5,5,7,0.194
366,4,reinforcement_learning,55.72,0.619,1,53.1,11,3,0.603
366,8,reinforcement_learning,64.73,0.503,1,63.6,7,2,0.603
367,4,reinforcement_learning,30.0,0.424,3,54.2,4,4,0.281
367,8,reinforcement_learning,13.13,0.243,3,40.0,8,2,0.281
368,4,data_structures,28.66,0.513,1,63.1,11,9,0.501
368,8,ml_fundamentals,39.71,0.436,2,39.9,4,3,0.501
369,4,reinforcement_learning,41.75,0.514,1,61.3,9,2,0.648
369,8,reinforcement_learning,43.2,0.667,2,65.6,11,3,0.648
370,4,data_structures,54.09,0.53,2,67.0,8,3,0.621
370,8,ml_fundamentals,72.26,0.787,3,61.1,10,5,0.621
371,4,data_structures,36.42,0.278,3,50.2,7,4,0.428
371,8,ml_fundamentals,45.03,0.238,1,56.2,5,4,0.428
372,4,reinforcement_learning,15.67,0.318,2,64.3,8,6,0.307
372,8,reinforcement_learning,53.05,0.191,4,57.7,4,2,0.307
373,4,reinforcement_learning,22.71,0.05,4,32.6,1,11,0.218
373,8,reinforcement_learning,16.41,0.272,3,34.8,0,4,0.218
374,4,reinforcement_learning,37.52,0.276,4,49.5,7,7,0.268
374,8,reinforcement_learning,23.74,0.162,4,62.0,2,9,0.268
375,4,data_structures,10.0,0.135,2,57.9,5,6,0.276
375,8,ml_fundamentals,21.01,0.255,3,63.9,8,7,0.276
376,4,reinforcement_learning,38.54,0.559,2,62.7,4,5,0.475
376,8,reinforcement_learning,30.08,0.235,1,64.4,8,5,0.475
377,4,npm_basics,26.88,0.407,2,57.1,4,6,0.32
377,8,reinforcement_learning,56.38,0.329,2,70.5,4,6,0.32
378,4,npm_basics,71.05,0.743,0,68.5,8,1,0.78
378,8,reinforcement_learning,83.98,0.869,1,65.8,6,2,0.78
379,4,npm_basics,90.59,0.654,3,86.1,13,0,0.786
379,8,reinforcement_learning,43.89,0.546,1,59.0,11,2,0.786
380,4,ml_fundamentals,33.96,0.465,3,58.2,12,3,0.607
380,8,deep_learning,57.41,0.481,1,65.3,7,5,0.607
381,4,reinforcement_learning,48.54,0.464,3,66.2,8,4,0.484
381,8,reinforcement_learning,41.92,0.249,2,63.6,6,6,0.484
382,4,reinforcement_learning,57.59,0.37,0,65.6,10,4,0.6
382,8,reinforcement_learning,68.48,0.444,0,64.1,9,2,0.6
383,4,reinforcement_learning,44.43,0.302,3,72.0,10,3,0.571
383,8,reinforcement_learning,62.86,0.372,1,53.7,6,1,0.571
384,4,reinforcement_learning,27.02,0.38,0,26.7,7,1,0.56
384,8,reinforcement_learning,48.71,0.755,2,64.5,8,5,0.56
385,4,deep_learning,46.19,0.509,1,55.6,6,5,0.657
385,8,npm_basics,47.42,0.567,1,56.1,8,1,0.657
386,4,deep_learning,59.64,0.517,3,74.6,13,2,0.725
386,8,npm_basics,57.37,0.493,1,58.8,12,1,0.725
387,4,ml_fundamentals,35.43,0.175,5,63.0,7,3,0.429
387,8,deep_learning,16.67,0.346,0,50.0,5,7,0.429
388,4,reinforcement_learning,42.54,0.329,3,39.9,2,7,0.343
388,8,reinforcement_learning,18.69,0.144,1,69.1,5,5,0.343
389,4,reinforcement_learning,54.24,0.51,5,57.1,13,1,0.593
389,8,reinforcement_learning,60.28,0.599,2,73.3,12,3,0.593
390,4,npm_basics,33.36,0.164,4,37.4,5,5,0.322
390,8,reinforcement_learning,40.09,0.375,2,68.9,2,1,0.322
391,4,reinforcement_learning,62.47,0.565,2,74.7,8,3,0.693
391,8,reinforcement_learning,54.55,0.472,1,77.7,12,1,0.693
392,4,data_structures,17.82,0.187,2,59.2,3,6,0.241
392,8,ml_fundamentals,18.86,0.189,10,37.8,10,6,0.241
393,4,ml_fundamentals,51.64,0.411,0,77.4,4,2,0.584
393,8,deep_learning,55.41,0.538,1,58.0,15,1,0.584
394,4,deep_learning,10.0,0.05,7,28.1,2,5,0.14
394,8,npm_basics,13.39,0.066,6,32.4,4,5,0.14
395,4,ml_fundamentals,45.45,0.573,1,70.1,12,1,0.741
395,8,deep_learning,72.0,0.687,0,61.5,9,1,0.741
396,4,ml_fundamentals,53.92,0.368,1,54.4,10,3,0.56
396,8,deep_learning,22.66,0.173,3,63.8,11,3,0.56
397,4,reinforcement_learning,20.85,0.057,7,48.4,4,5,0.275
397,8,reinforcement_learning,38.53,0.264,5,57.0,6,4,0.275
398,4,data_structures,87.01,0.963,2,61.8,11,1,0.774
398,8,ml_fundamentals,72.21,0.536,0,40.8,16,0,0.774
399,4,ml_fundamentals,59.71,0.512,2,62.2,17,3,0.761
399,8,deep_learning,75.71,0.535,2,59.5,11,2,0.761
400,4,ml_fundamentals,70.83,0.402,2,39.0,14,2,0.699
400,8,deep_learning,58.19,0.646,0,62.2,15,3,0.699
401,4,deep_learning,55.03,0.664,1,56.9,17,0,0.735
401,8,npm_basics,53.59,0.637,3,60.1,9,1,0.735
402,4,deep_learning,42.32,0.413,3,48.3,8,4,0.498
402,8,npm_basics,39.67,0.545,0,53.1,11,4,0.498
403,4,data_structures,47.36,0.48,1,46.4,9,4,0.624
403,8,ml_fundamentals,52.73,0.507,2,89.1,14,2,0.624
404,4,npm_basics,11.96,0.137,5,49.1,2,3,0.197
404,8,reinforcement_learning,17.36,0.076,2,49.5,3,5,0.197
405,4,ml_fundamentals,34.45,0.423,2,52.4,7,6,0.522
405,8,deep_learning,42.71,0.497,3,60.9,9,3,0.522
406,4,reinforcement_learning,10.0,0.244,4,57.2,4,11,0.216
406,8,reinforcement_learning,22.27,0.166,4,40.8,4,7,0.216
407,4,reinforcement_learning,40.76,0.32,7,48.5,4,1,0.557
407,8,reinforcement_learning,36.42,0.443,0,59.3,16,3,0.557
408,4,reinforcement_learning,14.23,0.215,8,44.0,8,3,0.305
408,8,reinforcement_learning,17.03,0.285,2,52.4,1,3,0.305
409,4,reinforcement_learning,43.12,0.359,3,74.6,2,7,0.272
409,8,reinforcement_learning,26.77,0.225,4,61.4,3,2,0.272
410,4,reinforcement_learning,87.43,0.674,1,42.5,10,2,0.791
410,8,reinforcement_learning,67.31,0.583,2,60.4,13,2,0.791
411,4,data_structures,23.69,0.24,4,59.3,15,2,0.511
411,8,ml_fundamentals,47.11,0.376,2,55.3,9,1,0.511
412,4,data_structures,29.53,0.386,0,37.7,7,4,0.365
412,8,ml_fundamentals,47.87,0.283,2,40.2,2,3,0.365
413,4,ml_fundamentals,50.12,0.47,2,53.7,7,5,0.625
413,8,deep_learning,67.5,0.474,0,57.8,9,2,0.625
414,4,reinforcement_learning,10.0,0.05,4,38.3,3,6,0.109
414,8,reinforcement_learning,10.38,0.05,5,41.7,1,3,0.109
415,4,ml_fundamentals,93.51,0.679,0,54.2,12,2,0.781
415,8,deep_learning,72.75,0.656,0,73.5,12,1,0.781
416,4,reinforcement_learning,47.76,0.274,2,39.1,4,6,0.476
416,8,reinforcement_learning,47.95,0.37,4,56.3,4,5,0.476
417,4,deep_learning,56.37,0.382,3,63.5,8,2,0.686
417,8,npm_basics,69.13,0.605,1,60.0,13,1,0.686
418,4,deep_learning,10.0,0.05,3,35.0,6,5,0.176
418,8,npm_basics,28.67,0.05,3,43.4,2,2,0.176
419,4,reinforcement_learning,35.74,0.485,4,50.5,10,2,0.553
419,8,reinforcement_learning,39.65,0.576,2,45.7,8,0,0.553
420,4,data_structures,99.25,0.701,0,61.7,17,3,0.831
420,8,ml_fundamentals,75.92,0.795,2,56.0,15,0,0.831
421,4,ml_fundamentals,44.35,0.303,6,50.4,7,3,0.496
421,8,deep_learning,59.17,0.419,2,41.5,7,3,0.496
422,4,reinforcement_learning,52.09,0.454,2,63.5,8,0,0.56
422,8,reinforcement_learning,41.89,0.595,2,68.6,9,2,0.56
423,4,reinforcement_learning,10.0,0.062,3,33.4,3,10,0.154
423,8,reinforcement_learning,33.65,0.228,3,46.3,3,3,0.154
424,4,ml_fundamentals,52.28,0.487,1,76.9,3,5,0.617
424,8,deep_learning,72.73,0.489,2,47.0,13,3,0.617
425,4,ml_fundamentals,49.74,0.543,1,70.5,10,3,0.665
425,8,deep_learning,57.98,0.626,0,72.8,14,4,0.665
426,4,deep_learning,72.04,0.563,0,67.6,10,0,0.746
426,8,npm_basics,60.68,0.459,2,67.3,10,4,0.746
427,4,deep_learning,62.27,0.577,2,66.9,8,4,0.624
427,8,npm_basics,52.39,0.47,1,46.0,11,1,0.624
428,4,reinforcement_learning,71.63,0.701,1,69.1,9,1,0.791
428,8,reinforcement_learning,61.98,0.614,1,64.3,10,2,0.791
429,4,reinforcement_learning,57.23,0.675,0,67.3,5,1,0.834
429,8,reinforcement_learning,100.0,0.844,0,77.0,7,2,0.834
430,4,npm_basics,31.09,0.467,2,57.8,5,1,0.73
430,8,reinforcement_learning,69.73,0.749,0,59.8,11,2,0.73
431,4,reinforcement_learning,59.43,0.633,1,54.5,11,2,0.787
431,8,reinforcement_learning,54.26,0.827,2,66.7,12,1,0.787
432,4,reinforcement_learning,35.55,0.55,3,51.3,12,4,0.462
432,8,reinforcement_learning,56.4,0.385,1,61.3,8,4,0.462
433,4,deep_learning,67.9,0.269,0,76.5,8,4,0.661
433,8,npm_basics,41.52,0.532,4,68.3,8,2,0.661
434,4,ml_fundamentals,25.74,0.082,8,48.6,1,4,0.183
434,8,deep_learning,14.78,0.14,4,39.5,3,7,0.183
435,4,deep_learning,53.46,0.556,2,49.9,9,1,0.54
435,8,npm_basics,62.91,0.482,0,61.1,8,4,0.54
436,4,npm_basics,10.0,0.328,4,46.8,5,7,0.244
436,8,reinforcement_learning,10.0,0.178,7,54.6,2,6,0.244
437,4,ml_fundamentals,11.1,0.11,5,43.6,1,2,0.124
437,8,deep_learning,30.75,0.05,4,35.7,2,5,0.124
438,4,data_structures,47.86,0.489,2,55.0,7,3,0.496
438,8,ml_fundamentals,40.83,0.357,1,51.5,7,4,0.496
439,4,deep_learning,42.57,0.438,2,63.0,11,1,0.617
439,8,npm_basics,65.24,0.533,1,71.9,10,2,0.617
440,4,reinforcement_learning,55.23,0.549,1,57.0,11,2,0.776
440,8,reinforcement_learning,61.98,0.731,0,57.7,16,3,0.776
441,4,reinforcement_learning,10.0,0.264,5,37.7,1,4,0.101
441,8,reinforcement_learning,30.33,0.05,10,28.5,2,7,0.101
442,4,reinforcement_learning,51.03,0.295,3,68.2,7,6,0.544
442,8,reinforcement_learning,59.76,0.719,3,51.0,4,4,0.544
443,4,npm_basics,10.0,0.05,7,24.8,1,11,0.05
443,8,reinforcement_learning,10.0,0.162,4,23.4,0,12,0.05
444,4,data_structures,35.73,0.242,7,38.9,6,5,0.295
444,8,ml_fundamentals,10.0,0.288,2,58.1,6,3,0.295
445,4,ml_fundamentals,10.0,0.08,3,43.4,1,6,0.17
445,8,deep_learning,18.61,0.218,4,57.2,1,6,0.17
446,4,reinforcement_learning,53.23,0.376,3,60.8,6,0,0.645
446,8,reinforcement_learning,43.49,0.504,2,58.5,9,1,0.645
447,4,npm_basics,35.74,0.257,1,47.3,5,5,0.461
447,8,reinforcement_learning,45.36,0.399,1,52.0,6,5,0.461
448,4,data_structures,53.54,0.62,3,79.5,6,3,0.573
448,8,ml_fundamentals,63.63,0.545,2,63.1,2,4,0.573
449,4,npm_basics,28.61,0.456,3,41.3,6,2,0.597
449,8,reinforcement_learning,48.29,0.351,3,53.0,11,5,0.597
450,4,deep_learning,77.88,0.758,2,68.0,8,3,0.758
450,8,npm_basics,76.21,0.51,1,63.6,10,1,0.758
451,4,data_structures,60.12,0.486,0,67.5,13,2,0.763
451,8,ml_fundamentals,66.86,0.671,1,59.0,14,3,0.763
452,4,ml_fundamentals,70.52,0.696,4,78.7,14,6,0.602
452,8,deep_learning,71.67,0.475,3,46.6,13,7,0.602
453,4,reinforcement_learning,68.18,0.592,2,71.5,13,2,0.658
453,8,reinforcement_learning,60.41,0.556,2,57.3,14,1,0.658
454,4,data_structures,51.97,0.59,0,65.0,20,1,0.871
454,8,ml_fundamentals,81.49,0.677,1,71.0,16,2,0.871
455,4,reinforcement_learning,64.67,0.612,1,59.3,11,3,0.636
455,8,reinforcement_learning,76.55,0.54,4,63.2,12,2,0.636
456,4,data_structures,69.46,0.406,0,75.6,18,1,0.715
456,8,ml_fundamentals,59.94,0.684,1,60.2,12,2,0.715
457,4,reinforcement_learning,71.99,0.639,0,55.4,10,3,0.867
457,8,reinforcement_learning,85.34,0.888,0,77.9,10,1,0.867
458,4,ml_fundamentals,29.86,0.1,0,43.7,4,2,0.469
458,8,deep_learning,43.7,0.428,3,70.7,5,2,0.469
459,4,reinforcement_learning,10.0,0.163,3,50.5,4,5,0.176
459,8,reinforcement_learning,16.36,0.05,3,44.0,2,8,0.176
460,4,reinforcement_learning,48.37,0.569,0,46.9,11,2,0.751
460,8,reinforcement_learning,81.4,0.689,2,66.3,15,0,0.751
461,4,reinforcement_learning,48.23,0.427,2,65.4,6,1,0.423
461,8,reinforcement_learning,34.73,0.418,2,60.4,4,6,0.423
462,4,data_structures,32.77,0.293,4,51.7,6,5,0.205
462,8,ml_fundamentals,17.29,0.344,4,41.3,3,7,0.205
463,4,deep_learning,65.82,0.701,2,59.3,6,2,0.695
463,8,npm_basics,67.65,0.352,0,46.1,9,0,0.695
464,4,npm_basics,10.0,0.05,6,61.9,1,3,0.074
464,8,reinforcement_learning,10.0,0.05,5,45.2,1,6,0.074
465,4,reinforcement_learning,48.5,0.258,2,59.4,0,3,0.437
465,8,reinforcement_learning,26.72,0.271,1,41.7,6,6,0.437
466,4,data_structures,39.28,0.461,4,68.8,6,3,0.533
466,8,ml_fundamentals,44.84,0.542,4,51.3,5,2,0.533
467,4,reinforcement_learning,29.44,0.339,2,54.9,5,6,0.393
467,8,reinforcement_learning,44.94,0.312,4,47.3,3,9,0.393
468,4,data_structures,12.09,0.122,4,55.0,1,8,0.092
468,8,ml_fundamentals,10.0,0.05,8,29.0,1,8,0.092
469,4,data_structures,32.86,0.238,0,49.9,6,4,0.379
469,8,ml_fundamentals,29.61,0.157,4,45.7,1,5,0.379
470,4,deep_learning,22.46,0.545,6,45.1,3,12,0.316
470,8,npm_basics,30.96,0.352,2,55.3,4,6,0.316
471,4,ml_fundamentals,30.15,0.283,2,62.1,7,5,0.503
471,8,deep_learning,16.57,0.364,4,69.2,12,2,0.503
472,4,reinforcement_learning,11.64,0.146,1,57.3,5,5,0.278
472,8,reinforcement_learning,25.58,0.164,4,59.2,4,10,0.278
473,4,data_structures,78.43,0.791,0,54.3,19,0,0.866
473,8,ml_fundamentals,89.72,0.731,0,74.4,15,0,0.866
474,4,npm_basics,72.16,0.552,4,58.4,8,5,0.692
474,8,reinforcement_learning,53.36,0.522,0,64.1,6,4,0.692
475,4,ml_fundamentals,18.0,0.502,3,57.9,9,4,0.492
475,8,deep_learning,32.61,0.353,1,70.2,9,3,0.492
476,4,deep_learning,91.18,0.865,0,60.3,6,3,0.868
476,8,npm_basics,74.25,0.7,0,68.9,9,0,0.868
477,4,reinforcement_learning,13.11,0.05,5,43.5,3,6,0.209
477,8,reinforcement_learning,22.95,0.181,3,50.3,2,6,0.209
478,4,ml_fundamentals,53.93,0.359,2,57.3,11,4,0.617
478,8,deep_learning,76.78,0.669,3,58.3,10,2,0.617
479,4,npm_basics,59.97,0.315,1,64.5,14,3,0.643
479,8,reinforcement_learning,49.7,0.592,4,57.2,7,3,0.643
480,4,npm_basics,15.09,0.135,2,63.4,2,5,0.153
480,8,reinforcement_learning,10.0,0.117,3,34.4,1,6,0.153
481,4,reinforcement_learning,10.0,0.05,5,36.3,0,7,0.104
481,8,reinforcement_learning,10.0,0.05,0,45.7,0,4,0.104
482,4,data_structures,11.98,0.235,3,53.3,5,4,0.226
482,8,ml_fundamentals,26.06,0.163,5,47.6,3,6,0.226
483,4,npm_basics,14.87,0.109,7,59.7,2,5,0.166
483,8,reinforcement_learning,10.0,0.202,1,34.0,1,5,0.166
484,4,data_structures,56.68,0.261,3,48.5,4,2,0.375
484,8,ml_fundamentals,44.88,0.38,4,50.0,1,5,0.375
485,4,data_structures,60.64,0.622,1,59.3,16,1,0.718
485,8,ml_fundamentals,64.45,0.53,3,54.3,9,2,0.718
486,4,data_structures,20.91,0.415,6,65.7,2,4,0.296
486,8,ml_fundamentals,26.31,0.332,3,48.6,7,1,0.296
487,4,data_structures,19.17,0.336,5,48.3,7,9,0.384
487,8,ml_fundamentals,58.83,0.17,2,58.6,3,6,0.384
488,4,reinforcement_learning,45.23,0.638,1,53.1,10,2,0.632
488,8,reinforcement_learning,56.57,0.529,2,49.5,8,2,0.632
489,4,reinforcement_learning,35.54,0.241,5,50.8,5,6,0.218
489,8,reinforcement_learning,23.29,0.054,3,48.3,1,5,0.218
490,4,npm_basics,30.48,0.432,1,61.6,5,7,0.48
490,8,reinforcement_learning,61.05,0.436,3,42.1,10,4,0.48
491,4,deep_learning,56.14,0.267,1,43.5,7,2,0.542
491,8,npm_basics,57.08,0.347,2,43.5,14,5,0.542
492,4,data_structures,31.21,0.422,4,67.7,9,5,0.459
492,8,ml_fundamentals,26.08,0.27,2,64.6,10,8,0.459
493,4,deep_learning,55.17,0.639,0,75.9,15,1,0.774
493,8,npm_basics,55.05,0.617,1,58.4,7,2,0.774
494,4,deep_learning,32.14,0.587,0,54.3,16,1,0.766
494,8,npm_basics,80.99,0.545,0,56.9,17,1,0.766
495,4,reinforcement_learning,77.75,0.356,2,61.2,13,4,0.788
495,8,reinforcement_learning,100.0,0.672,0,67.7,11,2,0.788
496,4,npm_basics,59.48,0.656,0,53.4,16,5,0.68
496,8,reinforcement_learning,68.87,0.286,2,53.2,9,0,0.68
497,4,reinforcement_learning,48.22,0.684,5,42.6,8,4,0.421
497,8,reinforcement_learning,32.24,0.41,5,44.7,6,5,0.421
498,4,deep_learning,59.92,0.401,3,72.4,8,1,0.735
498,8,npm_basics,63.14,0.471,0,68.0,9,3,0.735
499,4,reinforcement_learning,30.86,0.261,5,38.7,2,11,0.133
499,8,reinforcement_learning,22.02,0.269,3,53.8,1,6,0.133
